"Link","ModelName","Access to nature","Affordability","Air quality","Bacteria","Biodiversity","Climate mitigation","Economic wellbeing","Flooding","Gray infrastructure","Green infrastructure","Industrial","Local foods","Local jobs","Mental health","Noise","Nutrients","Physical health","Property value","Residential","Salmon","Sediment","Social cohesion","Source control","Toxics","Transportation","Urban heat island","Walkability","Water quality","Water temperature","LandUse","Solution"
"Residential->Toxics","Sims_Mod_1",0,-0.002,0,0,-0.004,0,-0.002,0,0,0,0,-0.018,0,-0.004,0,0,-0.004,0.0379999999999999,0,-0.026,0,-0.01,0,0.022,0,0,0,-0.022,0,"Transportation","source"
"Industrial->Toxics","Sims_Mod_2",0,0.026,0,0,0.038,0,0.02,0,0,0,0,0.014,0,0.02,0,0,0.02,0.0359999999999999,0,0.014,0,0.014,0,0,0,0,0,0.012,0,"Transportation","source"
"Transportation->Toxics","Sims_Mod_3",0,0.198,0,0,0.182,0,0.18,0,0,0,0,0.176,0,0.172,0,0,0.176,0.018,0,0.184,0,0.15,0,-0.99,0,0,0,0.15,0,"Transportation","source"
"Transportation->Water temperature","Sims_Mod_4",0,0.098,0,0,0.088,0,0.0920000000000001,0,0,0,0,0.0800000000000001,0,0.0960000000000001,0,0,0.0940000000000001,0.022,0,0.082,0,0.0760000000000001,0,0.022,0,0,0,0.0900000000000001,0,"Transportation","source"
"Transportation->Flooding","Sims_Mod_5",0,0.202,0,-1,0.19,0,0.21,-1,0,0,0,0.202,0,0.202,0,0,0.202,0.612,0,0.21,-1,0.18,0,0.004,0,0,0,0.202,0,"Transportation","source"
"Residential->Nutrients","Sims_Mod_6",0,0.048,0,0,0.052,0,0.048,0,0,0,0,0.04,0,0.05,0,0,0.054,0.016,0,0.042,0,0.034,0,0.016,0,0,0,0.028,0,"Transportation","source"
"Residential->Sediment","Sims_Mod_7",0,0.02,0,-0.001,0.022,0,0.018,0,0,0,0,0,0,0.01,0,0,0.01,0.0319999999999999,0,0.016,0,0.004,0,0.034,0,0,0,-0.002,0,"Transportation","source"
"Residential->Bacteria","Sims_Mod_8",0,0.02,0,0,0.018,0,0.016,0,0,0,0,0.00800000000000001,0,0.012,0,0,0.014,0.012,0,0,0,0.004,0,0.024,0,0,0,-0.00600000000000001,0,"Transportation","source"
"Industrial->Sediment","Sims_Mod_9",0,0.032,0,0,0.032,0,0.026,0,0,0,0,0.026,0,0.024,0,0,0.024,0.004,0,0.026,0,0.016,0,0.014,0,0,0,0.016,0,"Transportation","source"
"Industrial->Flooding","Sims_Mod_10",0,0.016,0,0,0.012,0,0.018,0,0,0,0,0.01,0,0.016,0,0,0.022,0.0599999999999999,0,0.01,0,0.014,0,-0.004,0,-0.001,0,-0.014,0,"Transportation","source"
"Flooding->Bacteria","Sims_Mod_11",0,0.0740000000000001,0,-1,0.0620000000000001,0,0.0640000000000001,0,0,0,0,0.0620000000000001,0,0.0640000000000001,0,0,0.0620000000000001,0.0359999999999999,0,0.044,0,0.0600000000000001,0,0.032,0,0,0,0.0640000000000001,0,"Transportation","source"
"Flooding-*Salmon","Sims_Mod_12",0,0.042,0,0,0.03,0,0.032,0,0,0,0,0.028,0,0.028,0,0,0.028,0.022,0,0.036,0,0.02,0,0.034,0,0,0,0.026,0,"Transportation","source"
"Water quality->Salmon","Sims_Mod_13",0,0.032,0,0,0.032,0,0.032,0,0,0,0,0.022,0,0.028,0,0,0.03,-0.002,0,0.05,0,0.02,0,-0.02,0,0,0,-0.01,0,"Transportation","source"
"Air quality->Physical health","Sims_Mod_14",0,0.034,0,0,0.014,0,0.028,0,0,0,0,0.02,0,0.022,0,0,0.026,0.026,0,0.016,0,0.01,0,0.024,0,0,0,-0.004,0,"Transportation","source"
"Urban heat island-*Physical health","Sims_Mod_15",0,0.038,0,0,0.024,0,0.034,0,0,0,0,0.024,0,0.034,0,0,0.036,0.0459999999999999,0,0.03,0,0.016,0,0.042,0,0,0,0.014,0,"Transportation","source"
"Nutrients-*Water quality","Sims_Mod_16",0,0.024,0,0,0.02,0,0.016,0,0,0,0,0.014,0,0.014,0,0,0.022,-0.004,0,0.02,0,0.00600000000000001,0,0.02,0,0,0,0.012,0,"Transportation","source"
"Flooding->Sediment","Sims_Mod_17",0,0.0680000000000001,0,0,0.0620000000000001,0,0.0660000000000001,0,0,0,0,0.056,0,0.0600000000000001,0,0,0.0640000000000001,0.088,0,0.05,-1,0.056,0,0.046,0,0,0,0.0700000000000001,0,"Transportation","source"
"Sediment-*Water quality","Sims_Mod_18",0,0.0860000000000001,0,0,0.1,0,0.0880000000000001,0,0,0,0,0.098,0,0.0820000000000001,0,0,0.0860000000000001,0.072,0,0.094,0,0.0640000000000001,0,0.008,0,0,0,0.0920000000000001,0,"Transportation","source"
"Mental health->Physical health","Sims_Mod_19",0,0.0580000000000001,0,0,0.036,0,0.056,0,0,0,0,0.034,0,0.052,0,0,0.056,-0.034,0,0.032,0,0.044,0,0.044,0,0,0,0.03,0,"Transportation","source"
"Water quality->Physical health","Sims_Mod_20",0,0.026,0,0,0.034,0,0.022,0,0,0,0,0.024,0,0.022,0,0,0.024,0.024,0,0.024,0,0.014,0,-0.03,0,0,0,0.012,0,"Transportation","source"
"Social cohesion->Mental health","Sims_Mod_21",0,0.042,0,0,0.036,0,0.046,0,0,0,0,0.028,0,0.042,0,0,0.044,0.014,0,0.03,0,0.032,0,0.018,0,0,0,0.028,0,"Transportation","source"
"Toxics-*Physical health","Sims_Mod_22",0,0.046,0,0,0.052,0,0.04,0,0,0,0,0.038,0,0.036,0,0,0.036,0.0399999999999999,0,0.048,0,0.044,0,-0.026,0,0,0,0.026,0,"Transportation","source"
"Biodiversity->Salmon","Sims_Mod_23",0,0.0660000000000001,0,0,0.0780000000000001,0,0.0700000000000001,0,0,0,0,0.0620000000000001,0,0.0660000000000001,0,0,0.0640000000000001,-0.012,0,0.088,0,0.052,0,0.022,0,0,0,0.05,0,"Transportation","source"
"Urban heat island-*Biodiversity","Sims_Mod_24",0,0.03,0,0,0.044,0,0.01,0,0,0,0,0.026,0,0.01,0,0,0.012,0.03,0,0.032,0,0.012,0,0.014,0,0,0,-0.02,0,"Transportation","source"
"Bacteria-*Physical health","Sims_Mod_25",0,0.056,0,0,0.0580000000000001,0,0.0600000000000001,0,0,0,0,0.046,0,0.054,0,0,0.056,-0.024,0,0.0620000000000001,0,0.018,0,-0.028,0,0,0,0.03,0,"Transportation","source"
"Air quality->Social cohesion","Sims_Mod_26",0,0.054,0,0,0.054,0,0.0600000000000001,0,0,0,0,0.044,0,0.056,0,0,0.056,0.02,0,0.052,0,0.0600000000000001,0,-0.064,0,0,0,0.046,0,"Transportation","source"
"Access to nature->Social cohesion","Sims_Mod_27",0,0.04,0,0,0.042,0,0.04,0,0,0,0,0.04,0,0.036,0,0,0.038,0.0399999999999999,0,0.046,0,0.036,0,0.05,0,0,0,0.034,0,"Transportation","source"
"Transportation->Noise","Sims_Mod_28",0,-0.014,0,0,0.022,0,0.002,0,0,0,0,-0.004,0,0,-1,0,0,0.588,0,0.00600000000000001,0,-0.00600000000000001,0,0.022,0,0,0,-0.0259999999999999,0,"Transportation","source"
"Water quality->Biodiversity","Sims_Mod_29",0,0.026,0,0,0.046,0,0.024,0,0,0,0,0.016,0,0.02,0,0,0.02,0.0659999999999999,0,0.02,0,0.016,0,-0.016,0,0,0,0.012,0,"Transportation","source"
"Noise-*Biodiversity","Sims_Mod_30",0,0.056,0,0,0.0620000000000001,0,0.05,0,0,0,0,0.054,0,0.05,0,0,0.05,0.0359999999999999,0,0.0600000000000001,0,0.042,0,-0.052,0,0,0,0.014,0,"Transportation","source"
"Salmon->Physical health","Sims_Mod_31",0,0.00800000000000001,0,0,0.014,0,0.01,0,0,0,0,0.002,0,0.00800000000000001,0,0,0.00800000000000001,0.0519999999999999,0,0.00600000000000001,0,0.002,0,0.056,0,0,0,-0.014,0,"Transportation","source"
"Climate mitigation->Salmon","Sims_Mod_32",0,0.056,0,0,0.0680000000000001,0,0.0720000000000001,0,0,0,0,0.0620000000000001,0,0.0660000000000001,0,0,0.0680000000000001,0.0499999999999999,0,0.0620000000000001,0,0.05,0,-0.014,0,0,0,0.054,0,"Transportation","source"
"Climate mitigation-*Water temperature","Sims_Mod_33",0,0.026,0,0,0.03,0,0.018,0,0,0,0,0.022,0,0.018,0,0,0.02,-0.002,0,0.022,0,0.014,0,0.012,0,0,0,0.014,0,"Transportation","source"
"Climate mitigation->Biodiversity","Sims_Mod_34",-0.001,0.00800000000000001,0,0,0.028,-0.001,0.00600000000000001,0,0,0,0,0.01,0,0.004,0,0,0.00600000000000001,0,0,0.016,0,-0.00600000000000001,0,0.01,0,0,0,0.002,0,"Transportation","source"
"Access to nature->Physical health","Sims_Mod_35",0,0.05,0,0,0.048,0.001,0.044,0,0,0,0,0.042,0,0.044,0,0,0.044,0.022,0,0.052,0,0.038,0,0.01,0,0,0.001,0.044,0,"Transportation","source"
"Flooding-*Air quality","Sims_Mod_36",0,0.032,0,0,0.02,0,0.034,0,0,0,0,0.016,0,0.028,0,0,0.034,0.0439999999999999,0,0.02,0,0.022,0,0.05,0,0,0,-0.004,0,"Transportation","source"
"Industrial->Noise","Sims_Mod_37",0,0.056,0,0,0.054,0,0.052,0,0,0,0,0.048,0,0.044,0,0,0.05,0.0439999999999999,0,0.054,0,0.028,0,0.004,0,0,0,0.022,0,"Transportation","source"
"Transportation-*Air quality","Sims_Mod_38",0,0.0740000000000001,0,0,0.0680000000000001,0,0.0700000000000001,0,0,0,0,0.0600000000000001,0,0.0720000000000001,0,0,0.0740000000000001,0.0439999999999999,0,0.0639999999999999,0,0.0580000000000001,0,-0.022,0,0,0,0.034,0,"Transportation","source"
"Economic wellbeing->Physical health","Sims_Mod_39",0,0.036,0,0,0.04,0,0.032,0,0,0,0,0.034,0,0.034,0,0,0.038,0.028,0,0.034,0,0.03,0,-0.004,0,0,0,0.02,0,"Transportation","source"
"Affordability->Economic wellbeing","Sims_Mod_40",0,0.018,0,0,0.022,0,0.024,0,0,0,0,0.018,0,0.02,0,0,0.024,0.0359999999999999,0,0.02,0,0.014,0,0.024,0,0,0,0.00800000000000001,0,"Transportation","source"
"Access to nature-*Affordability","Sims_Mod_41",0,0.016,0,0,0.016,0,0.016,0,0,0,0,0.01,0,0.012,0,0,0.012,0.0519999999999999,0,0.014,0,0.00600000000000001,0,0.018,0,0,0,-0.002,0,"Transportation","source"
"Local foods->Social cohesion","Sims_Mod_42",0,0.014,0,0,0.024,0,0.004,0,0,0,0,0.01,0,0.002,0,0,0.00800000000000001,0.0619999999999999,0,0.012,0,-0.076,0,-0.012,0,0,0,-0.002,0,"Transportation","source"
"Salmon->Local foods","Sims_Mod_43",0,0.018,0,0,0.02,0,0.01,0,0,0,0,0.00600000000000001,0,0.00600000000000001,0,0,0.01,0.002,0,0.012,0,-0.004,0,-0.006,0,0,0,0.01,0,"Transportation","source"
"Water quality->Local foods","Sims_Mod_44",0,-0.002,0,0,-0.02,0,-0.004,0,0,0,0,-0.004,0,-0.00600000000000001,0,0,-0.00800000000000001,0.0319999999999999,0,-0.004,0,-0.00800000000000001,0,-0.006,0,0,0,-0.01,0,"Transportation","source"
"Toxics-*Water quality","Sims_Mod_45",0,-0.0679999999999999,0,0,-0.0599999999999999,0,-0.0679999999999999,0,0,0,0,-0.078,0,-0.07,0,0,-0.07,0.018,0,-0.0659999999999999,0,-0.084,0,0.012,0,0,0,-0.212,0,"Transportation","source"
"Local foods->Physical health","Sims_Mod_46",0,0.018,0,0,0.028,0,0.018,0,0,0,0,0.024,0,0.016,0,0,0.018,0.012,0,0.022,0,0.024,0,0.046,0,0,0,0.014,0,"Transportation","source"
"Water quality->Social cohesion","Sims_Mod_47",0,0.026,0,0,0.024,0,0.026,0,0,0,0,0.014,0,0.022,0,0,0.026,0.00600000000000001,0,0.032,0,0.016,0,-0.014,0,0,0,0.02,0,"Transportation","source"
"Local jobs->Economic wellbeing","Sims_Mod_48",0,0.052,0,0,0.038,0,0.0600000000000001,0,0,0,0,0.038,0,0.056,0,0,0.0580000000000001,0.02,0,0.042,0,0.05,0,0.016,0,0,0,0.036,0,"Transportation","source"
"Walkability->Climate mitigation","Sims_Mod_49",0,0.002,0,0,0.004,0,0.01,0,0,0,0,-0.004,0,0.00600000000000001,0,0,0.012,0.0459999999999999,0,0.00800000000000001,0,-0.00600000000000001,0,0.028,0,0,0,-0.002,0,"Transportation","source"
"Walkability->Affordability","Sims_Mod_50",0,0.0600000000000001,0,0,0.0660000000000001,0,0.0660000000000001,0,0,0,0,0.0620000000000001,0,0.0660000000000001,0,0,0.0680000000000001,0.00600000000000001,0,0.0620000000000001,0,0.0620000000000001,0,-0.032,0,0,0,0.056,0,"Transportation","source"
"Access to nature->Walkability","Sims_Mod_51",0,0.042,0,0,0.032,0,0.044,0,0,0,0,0.034,0,0.038,0,0,0.044,-0.00600000000000001,0,0.034,0,0.026,0,-0.016,0,0,0,0.026,0,"Transportation","source"
"Walkability->Social cohesion","Sims_Mod_52",0,0.03,0,0,0.018,0,0.032,0,0,0,0,0.012,0,0.016,0,0,0.02,0.0339999999999999,0,0.02,0,0,0,0.026,0,0,0,-0.002,0,"Transportation","source"
"Walkability->Air quality","Sims_Mod_53",0,0.026,0,0,0.046,0,0.028,0,0,0,0,0.028,0,0.028,0,0,0.028,0.024,0,0.032,0,0.012,0,0.082,0,0,0,-0.004,0,"Transportation","source"
"Walkability-*Noise","Sims_Mod_54",0,0.05,0,0,0.046,0,0.042,0,0,0,0,0.044,0,0.04,0,0,0.04,0.026,0,0.04,0,0.028,0,0.078,0,0,0,0.03,0,"Transportation","source"
"Industrial->Water temperature","Sims_Mod_55",0,0.018,0,0,0.012,0,0.016,0,0,0,0,0.01,0,0.014,0,0,0.018,0.016,0,-0.002,0,0.00800000000000001,0,-0.012,0,0,0,-0.012,0,"Transportation","source"
"Toxics-*Biodiversity","Sims_Mod_56",0,0.004,0,0,-0.038,0,-0.004,0,0,0,0,-0.016,0,-0.00800000000000001,0,0,-0.00600000000000001,-0.002,0,-0.00800000000000001,0,-0.0179999999999999,0,0.04,0,0,0,-0.022,0,"Transportation","source"
"Noise-*Physical health","Sims_Mod_57",0,0.024,0,0,0.018,0,0.022,0,0,0,0,0.012,0,0.018,0,0,0.022,-0.022,0,0.012,0,0.012,0,-0.012,0,0,0,0.00800000000000001,0,"Transportation","source"
"Access to nature->Mental health","Sims_Mod_58",0,0.0600000000000001,0,-0.001,0.05,0,0.0600000000000001,0,0,0,0,0.052,0,0.056,0,0,0.0600000000000001,0.0539999999999999,0,0.046,0,0.05,0,0.02,0,0,0,0.044,0,"Transportation","source"
"Local foods->Affordability","Sims_Mod_59",0,0.09,0,0,0.0760000000000001,0,0.0740000000000001,0,0,0,0,0.0680000000000001,0,0.0740000000000001,0,0,0.0780000000000001,0,0,0.0659999999999999,0,0.052,0,-0.032,0,0,0.001,0.05,0,"Transportation","source"
"Water temperature-*Water quality","Sims_Mod_60",0,0.122,0,0,0.132,0,0.108,0,0,0,0,0.132,0,0.106,0,0,0.108,-0.00800000000000001,0,0.146,0,0.104,0,-0.012,0,0,0,0.182,0,"Transportation","source"
"Bacteria-*Water quality","Sims_Mod_61",0,0.096,0,0,0.094,0,0.1,0,0,0,0,0.086,0,0.0900000000000001,0,0,0.0960000000000001,0.022,0,0.086,0,0.0760000000000001,0,-0.008,0,0,0,0.0840000000000001,0,"Transportation","source"
"Bacteria-*Local foods","Sims_Mod_62",0,0.026,0,0,0.01,0,0.026,0,0,0,0,0.012,0,0.028,0,0,0.026,0,0,0.01,0,0.024,0,0,0,0,0,0.004,0,"Transportation","source"
"Walkability->Physical health","Sims_Mod_63",0,0.05,0,0,0.044,0,0.046,0,0,0,0,0.04,0,0.044,0,0,0.04,0.0519999999999999,0,0.042,0,0.042,0,0.01,0,0,0,0.002,0,"Transportation","source"
"Flooding-*Property value","Sims_Mod_64",0,-0.004,0,0,0.002,0,0.01,0,0,0,0,0.002,0,0.01,0,0,0.00800000000000001,0.628,0,-0.00600000000000001,0,0.002,0,0.032,0,0,0,0.00800000000000001,0,"Transportation","source"
"Property value-*Affordability","Sims_Mod_65",0,0.042,0,0,0.0620000000000001,0,0.05,0,0,0,0,0.05,0,0.046,0,0,0.054,0.022,0,0.05,0,0.044,0,-0.002,0,0,0,0.024,0,"Transportation","source"
"Noise-*Property value","Sims_Mod_66",0,0.038,0,0,0.052,-0.001,0.054,0,0,0,0,0.046,0,0.046,0,0,0.052,0.614,0,0.054,0,0.032,0,-0.022,0,0,0,0.03,0,"Transportation","source"
"Access to nature->Property value","Sims_Mod_67",0,0.014,0,0,0.022,0,0.024,0,0,0,0,0.02,0,0.022,0,0,0.024,0.01,0,0.014,0,0.02,0,0.048,0,0,0,0.016,0,"Transportation","source"
"Industrial-*Property value","Sims_Mod_68",0,0.036,0,0,0.03,0,0.028,0,0,0,0,0.018,0,0.026,0,0,0.026,-0.012,0,0.02,0,0.022,0,0.01,0,0,0,0.02,0,"Transportation","source"
"Transportation->Property value","Sims_Mod_69",0,0.052,0,0,0.046,0,0.048,0,0,0,0,0.036,0,0.042,0,0,0.048,-0.406,0,0.04,0,0.026,0,-0.046,0,0,0,0.026,0,"Transportation","source"
"Walkability->Property value","Sims_Mod_70",0,0.044,0,0,0.046,0,0.046,0,0,0,0,0.038,0,0.044,0,0,0.046,-0.01,0,0.04,0,0.034,0,-0.008,0,0,0,0.018,0,"Transportation","source"
"Property value->Economic wellbeing","Sims_Mod_71",0,0.032,0,0,0.024,0,0.036,0,0,0,0,0.014,0,0.03,0,0,0.034,0.018,0,0.014,0,0.018,0,0.026,0,0,0,-0.002,0,"Transportation","source"
"Local jobs->Property value","Sims_Mod_72",0,0.0660000000000001,0,0,0.0700000000000001,0,0.0660000000000001,0,0,0,0,0.054,0,0.0640000000000001,0,0,0.0660000000000001,0.022,0,0.07,0,0.0640000000000001,0,0.002,0,0,0,0.05,0,"Transportation","source"
"Gray infrastructure-*Flooding","Sims_Mod_73",0,0.016,0,0,0.01,0,0.02,0,0,0,0,0.00600000000000001,0,0.016,0,0,0.018,0.0319999999999999,0,0,0,0.00600000000000001,0,0.004,0,0,0,0.024,0,"Transportation","source"
"Gray infrastructure-*Sediment","Sims_Mod_74",0,0.0600000000000001,0,0,0.0580000000000001,0,0.056,0,0,0,0,0.0620000000000001,0,0.052,0,0,0.0580000000000001,0.0339999999999999,0,0.056,0,0.044,0,-0.044,0,0,0,0.04,0,"Transportation","source"
"Gray infrastructure-*Toxics","Sims_Mod_75",0,0.044,0,0,0.048,0,0.04,0,0,0,0,0.026,0,0.038,0,0,0.046,-0.00600000000000001,0,0.052,0,0.026,0,-0.012,0,0,0,0.014,0,"Transportation","source"
"Green infrastructure-*Toxics","Sims_Mod_76",0,0.034,0,0,0.032,-0.001,0.04,0,0,0,0,0.026,0,0.042,0,0,0.042,0.0379999999999999,0,0.034,0,0.044,0,0.002,0,0,-0.001,0.026,0,"Transportation","source"
"Green infrastructure->Access to nature","Sims_Mod_77",0,0.028,0,0,0.022,-0.001,0.018,0,0,0,0,0.012,0,0.018,0,0,0.016,0.0499999999999999,0,0.024,0,0.016,0,-0.016,0,0,-0.001,-0.002,0,"Transportation","source"
"Green infrastructure->Climate mitigation","Sims_Mod_78",0,0.0700000000000001,0,0,0.0580000000000001,0,0.0680000000000001,0,0,0,0,0.0640000000000001,0,0.0660000000000001,0,0,0.0680000000000001,0.024,0,0.0679999999999999,0,0.054,0,-0.014,0,0,0,0.042,0,"Transportation","source"
"Green infrastructure-*Noise","Sims_Mod_79",0,0.00600000000000001,0,0,0.012,0,0.00800000000000001,0,0,0,0,-0.004,0,0.00600000000000001,0,0,0.012,0.08,0,0,0,-0.00600000000000001,0,0.072,0,0,0,-0.014,0,"Transportation","source"
"Gray infrastructure->Local jobs","Sims_Mod_80",0,0.028,0,0,0.022,0,0.028,0,0,0,0,0.012,0,0.024,0,0,0.024,0.0319999999999999,0,0.018,0,0.022,0,-0.002,0,0,0,-0.018,0,"Transportation","source"
"Green infrastructure->Local jobs","Sims_Mod_81",0,0.02,0,0,0.02,0,0.02,0,0,0,0,0.01,0,0.02,0,0,0.024,0.024,0,0.028,0,0.012,0,0.014,0,0,0,0.012,0,"Transportation","source"
"Source control-*Toxics","Sims_Mod_82",0,-0.216,0,0,-0.232,0,-0.21,0,0,0,0,-0.23,0,-0.21,0,0,-0.21,0.0339999999999999,0,-0.25,0,-0.204,0,1.01,0,0,0,-0.212,0,"Transportation","source"
"Green infrastructure-*Flooding","Sims_Mod_83",0,0.0660000000000001,0,0,0.0580000000000001,0,0.0580000000000001,0,0,0,0,0.048,0,0.05,0,0,0.052,0.002,0,0.048,0,0.036,0,-0.002,0,0,0,0.042,0,"Transportation","source"
"Green infrastructure->Air quality","Sims_Mod_84",0,0.028,0,0,0.028,0,0.028,0,0,0,0,0.014,0,0.026,0,0,0.026,0.0499999999999999,0,0.02,0,0.024,0,0.012,0,0,0,0.02,0,"Transportation","source"
"Green infrastructure-*Urban heat island","Sims_Mod_85",0,0.046,0,0,0.0580000000000001,0.001,0.048,0,0,0,0,0.044,0,0.05,0,0,0.05,0.0379999999999999,0,0.048,0,0.046,0,-0.026,0,0,0,0.038,0,"Transportation","source"
"Toxics-*Salmon","Sims_Mod_86",0,0.012,0,-0.001,0.00800000000000001,0,0.01,0,0,0,0,0.004,0,0.00800000000000001,0,0,0.00800000000000001,0.0319999999999999,0,-0.026,0,-0.002,0,0.008,0,0,0,0.014,0,"Transportation","source"
"Noise-*Mental health","Sims_Mod_87",0,0.0580000000000001,0,0,0.048,0,0.056,0,0,0,0,0.0580000000000001,0,0.056,0,0,0.056,-0.02,0,0.052,0,0.042,0,0.004,0,0,0,0.034,0,"Transportation","source"
"Urban heat island->Water temperature","Sims_Mod_88",0,0.0580000000000001,0,0,0.0660000000000001,0,0.05,0,0,0,0,0.048,0,0.046,0,0,0.048,0.0459999999999999,0,0.052,0,0.05,0,0.008,0,0,0,0.04,0,"Transportation","source"
"Economic wellbeing->Mental health","Sims_Mod_89",0,0.0800000000000001,0,0,0.092,-0.001,0.0860000000000001,0,0,0,0,0.084,0,0.0820000000000001,0,0,0.0800000000000001,0.08,0,0.082,0,0.0800000000000001,0,0.04,0,0,0,0.0680000000000001,0,"Transportation","source"
"Biodiversity->Local foods","Sims_Mod_90",0,0.018,0,0,0.032,0,0.016,0,0,0,0,0.012,0,0.00800000000000001,0,0,0.012,0.0539999999999999,0,0.026,0,-0.014,0,0.024,0,0,0,0.00800000000000001,0,"Transportation","source"
"Local jobs->Social cohesion","Sims_Mod_91",0,0.056,0,0,0.0720000000000001,0,0.054,0,0,0,0,0.0580000000000001,0,0.056,0,0,0.052,0.0479999999999999,0,0.0679999999999999,0,0.05,0,-0.036,0,0,0,0.036,0,"Transportation","source"
"Access to nature->Local foods","Sims_Mod_92",0,0.026,0,0,0.028,0,0.026,0,0,0,0,0.02,0,0.024,0,0,0.024,0.018,0,0.018,0,0.028,0,0.008,0,0,0,0.00800000000000001,0,"Transportation","source"
"Local foods->Mental health","Sims_Mod_93",0,0.0680000000000001,0,0,0.052,0,0.046,0,0,0,0,0.046,0,0.046,0,0,0.044,0.01,0,0.0659999999999999,0,0.04,0,0.008,0,0,0,0.0600000000000001,0,"Transportation","source"
"Noise-*Social cohesion","Sims_Mod_94",0,0.05,0,0,0.032,0,0.052,0,0,0,0,0.026,0,0.046,0,0,0.046,0.012,0,0.032,0,0.024,0,0.045,0,0,0,0.00800000000000001,0,"Transportation","source"
"Industrial-*Air quality","Sims_Mod_95",0,0.0740000000000001,0,0,0.0740000000000001,0.001,0.0740000000000001,0,0,0,0,0.0740000000000001,0,0.0720000000000001,0,0,0.0720000000000001,0,0,0.082,0,0.0720000000000001,0,-0.066,0,0,0.001,0.0580000000000001,0,"Transportation","source"
"Industrial->Local jobs","Sims_Mod_96",0,0.026,0,0,0.01,0,0.022,0,0,0,0,0.00800000000000001,0,0.02,0,0,0.022,0.0419999999999999,0,0.004,0,0.012,0,-0.034,0,0,0,0.00600000000000001,0,"Transportation","source"
"Climate mitigation-*Urban heat island","Sims_Mod_97",0,0.046,0,0,0.038,0,0.05,0,0,0,0,0.036,0,0.048,0,0,0.048,0.018,0,0.04,0,0.034,0,-0.002,0,0,0,0.048,0,"Transportation","source"
"Industrial->Urban heat island","Sims_Mod_98",0,0.0640000000000001,0,0,0.044,0,0.05,0,0,0,0,0.036,0,0.044,0,0,0.046,-0.024,0,0.036,0,0.034,0,0.002,0,0,0,0.024,0,"Transportation","source"
"Transportation->Urban heat island","Sims_Mod_99",0,0.092,0,0,0.116,0,0.104,0,0,0,0,0.096,0,0.104,0,0,0.102,0.0359999999999999,0,0.11,0,0.0900000000000001,0,0.016,0,-1,0,0.0940000000000001,0,"Transportation","source"
"Green infrastructure-*Sediment","Sims_Mod_100",0,0.018,0,0,0.018,0,0.022,0,0,0,0,0.01,0,0.018,0,0,0.02,0.004,0,0.016,0,0.014,0,0.01,0,0,0,-0.002,0,"Transportation","source"
"Physical health->Mental health","Sims_Mod_101",0,0.03,0,0,0.012,0,0.028,0,0,0,0,0.022,0,0.026,0,0,0.026,-0.002,0,0.014,0,0.018,0,-0.034,0,0,0,0.002,0,"Transportation","source"
"Salmon->Biodiversity","Sims_Mod_102",0,0.038,0,0,0.04,0,0.038,0,0,0,0,0.028,0,0.036,0,0,0.036,0.024,0,0.046,0,0.028,0,0.026,0,0,0,0.034,0,"Transportation","source"
"Physical health->Economic wellbeing","Sims_Mod_103",0,0.02,0,0,0.022,0,0.024,0,0,0,0,0.016,0,0.016,0,0,0.024,0.022,0,0.014,0,0.00600000000000001,0,0.056,0,0,0,-0.02,0,"Transportation","source"
"Economic wellbeing->Affordability","Sims_Mod_104",0,0.122,0,0,0.018,0,0.032,0,0,0,0,0.018,0,0.03,0,0,0.03,0.0399999999999999,0,0.022,0,0.012,0,0.096,0,0,0,0.002,0,"Transportation","source"
"Mental health->Economic wellbeing","Sims_Mod_105",0,0.05,0,0,0.024,0,0.016,0,0,0,0,0.01,0,0.018,0,0,0.018,0.0439999999999999,0,0.016,0,0.014,0,-0.016,0,0,0,-0.004,0,"Transportation","source"
"Full","Sims_Mod_full",0,0,0,0,0,0,0,0,0,0,0,0,0,0,0,0,0,0,0,0,0,0,0,0,0,0,0,0,0,"Transportation","source"
"Residential->Toxics","Sims_Mod_1",0,-0.058,-0.01,0.028,-0.062,0,-0.072,0.028,0,0,0,-0.07,0,-0.076,0,0,-0.074,-0.055,0,-0.066,0.072,-0.068,0,0.024,0,0,0,-0.064,0,"Transportation","gray"
"Industrial->Toxics","Sims_Mod_2",0,-0.042,0.002,0.044,-0.04,0,-0.046,0.044,0,0,0,-0.046,0,-0.044,0,0,-0.044,0.068,0,-0.046,0.00800000000000001,-0.024,0,-0.026,0,0,0,-0.04,0,"Transportation","gray"
"Transportation->Toxics","Sims_Mod_3",0,0.156,-0.034,0.014,0.158,0,0.148,0.014,0,0,0,0.156,0,0.154,0,0,0.154,-0.00599999999999995,0,0.17,-0.042,0.136,0,-1,0,0,0,0.162,0,"Transportation","gray"
"Transportation->Water temperature","Sims_Mod_4",0,0.026,-0.026,-0.028,0.044,0,0.014,-0.028,0,0,0,0.018,0,0.012,0,0,0.014,0.046,0,0.014,-0.02,0.02,0,0.002,0,0,0,0.058,0,"Transportation","gray"
"Transportation->Flooding","Sims_Mod_5",0,0.34,0.412,-1.024,0.308,0,0.342,-1.024,0,0,0,0.33,0,0.346,0,0,0.346,0.386,0,0.346,-0.584,0.352,0,-0.042,0,0,0,0.382,0,"Transportation","gray"
"Residential->Nutrients","Sims_Mod_6",0,-0.02,-0.012,-0.028,-0.014,0,-0.026,-0.028,0,0,0,-0.028,0,-0.026,0,0,-0.032,0.032,0,-0.026,-0.04,-0.022,0,0.01,0,0,0,-0.022,0,"Transportation","gray"
"Residential->Sediment","Sims_Mod_7",0,-0.05,-0.022,-0.003,-0.05,0,-0.04,-0.004,0,0,0,-0.058,0,-0.04,0,0,-0.034,0.034,0,-0.058,0.00999999999999995,-0.034,0,0.048,0,0,0,-0.036,0,"Transportation","gray"
"Residential->Bacteria","Sims_Mod_8",0,-0.042,-0.022,-0.06,-0.038,0,-0.054,-0.06,0,0,0,-0.042,0,-0.048,0,0,-0.052,0.00800000000000001,0,-0.046,-0.022,-0.03,0,-0.018,0,0,0,-0.038,0,"Transportation","gray"
"Industrial->Sediment","Sims_Mod_9",0,-0.00800000000000001,-0.00600000000000001,-0.022,-0.00600000000000001,0,-0.00199999999999997,-0.022,0,0,0,-0.016,0,-0.004,0,0,0.004,0.00600000000000001,0,-0.022,-0.01,-0.00600000000000001,0,0.002,0,0,0,0.00199999999999997,0,"Transportation","gray"
"Industrial->Flooding","Sims_Mod_10",0,0.004,0.012,-0.046,0.02,0,-0.00399999999999998,-0.046,0,0,0,0,0,0,0,0,-0.002,0.072,0,0.00399999999999998,-0.024,-0.004,0,0.008,0,-0.001,0,-0.00800000000000001,0,"Transportation","gray"
"Flooding->Bacteria","Sims_Mod_11",0,-0.06,0.046,-0.024,-0.042,0,-0.058,-0.046,0,0,0,-0.068,0,-0.054,0,0,-0.054,0.066,0,-0.056,-0.042,-0.04,0,-0.016,0,0,0,-0.04,0,"Transportation","gray"
"Flooding-*Salmon","Sims_Mod_12",0,0.024,0.024,-0.056,0.018,0,0.026,-0.056,0,0,0,0.012,0,0.026,0,0,0.026,0.014,0,0.00599999999999998,-0.038,0.018,0,-0.018,0,0,0,0.044,0,"Transportation","gray"
"Water quality->Salmon","Sims_Mod_13",0,-0.058,0.022,-0.014,-0.054,0,-0.054,-0.014,0,0,0,-0.044,0,-0.056,0,0,-0.056,0.042,0,-0.018,-0.00800000000000001,-0.05,0,-0.008,0,0,0,-0.038,0,"Transportation","gray"
"Air quality->Physical health","Sims_Mod_14",0,0.018,0.016,-0.018,0,0,0.00800000000000001,-0.018,0,0,0,0.004,0,0.002,0,0,0.002,0.018,0,0.00999999999999998,-0.014,0.00800000000000001,0,0.034,0,0,0,0.00999999999999998,0,"Transportation","gray"
"Urban heat island-*Physical health","Sims_Mod_15",0,-0.04,-0.054,-0.005,-0.04,0,-0.048,-0.005,0,0,0,-0.038,0,-0.042,0,0,-0.038,0.002,0,-0.044,-0.016,-0.024,0,-0.022,0,0,0,-0.022,0,"Transportation","gray"
"Nutrients-*Water quality","Sims_Mod_16",0,0,0,-0.006,0.014,0,0.004,-0.006,0,0,0,-0.002,0,0,0,0,0,-0.022,0,0.00599999999999998,0.03,0.002,0,-0.05,0,0,0,0.022,0,"Transportation","gray"
"Flooding->Sediment","Sims_Mod_17",0,0.016,-0.02,-0.046,0.01,0,0.00600000000000001,-0.046,0,0,0,0.002,0,0.00799999999999998,0,0,0.00999999999999998,0.042,0,0.022,-0.584,0.002,0,0.034,0,0,0,0.036,0,"Transportation","gray"
"Sediment-*Water quality","Sims_Mod_18",0,-0.176,0.022,-0.01,-0.192,0,-0.186,-0.01,0,0,0,-0.19,0,-0.182,0,0,-0.184,0.014,0,-0.17,-0.002,-0.168,0,-0.036,0,0,0,-0.24,0,"Transportation","gray"
"Mental health->Physical health","Sims_Mod_19",0,-0.042,-0.028,0.018,-0.048,0,-0.052,0.018,0,0,0,-0.058,0,-0.054,0,0,-0.058,-0.018,0,-0.05,-0.00800000000000001,-0.056,0,0.012,0,0,0,-0.046,0,"Transportation","gray"
"Water quality->Physical health","Sims_Mod_20",0,-0.014,-0.012,-0.032,-0.016,0,-0.014,-0.032,0,0,0,-0.024,0,-0.01,0,0,-0.012,0.06,0,-0.024,-0.034,-0.018,0,-0.008,0,0,0,-0.004,0,"Transportation","gray"
"Social cohesion->Mental health","Sims_Mod_21",0,-0.012,0.00800000000000001,-0.022,0,0,-0.00999999999999998,-0.022,0,0,0,-0.00800000000000001,0,-0.012,0,0,-0.01,-0.014,0,0.00399999999999998,-0.022,-0.00800000000000001,0,-0.01,0,0,0,0.022,0,"Transportation","gray"
"Toxics-*Physical health","Sims_Mod_22",0,0.04,-0.014,-0.03,0.036,0,0.034,-0.03,0,0,0,0.028,0,0.038,0,0,0.042,0.02,0,0.028,-0.016,0.026,0,-0.002,0,0,0,0.024,0,"Transportation","gray"
"Biodiversity->Salmon","Sims_Mod_23",0,0.018,0.004,-0.044,0.016,0,0.016,-0.044,0,0,0,0.02,0,0.016,0,0,0.02,-0.012,0,0.078,-0.05,0.022,0,-0.028,0,0,0,-0.01,0,"Transportation","gray"
"Urban heat island-*Biodiversity","Sims_Mod_24",0,-0.016,-0.03,-0.038,-0.01,0,-0.022,-0.038,0,0,0,-0.028,0,-0.018,0,0,-0.024,0.054,0,-0.036,-0.048,-0.026,0,-0.024,0,0,0,-0.024,0,"Transportation","gray"
"Bacteria-*Physical health","Sims_Mod_25",0,-0.012,0.016,-0.036,-0.00800000000000001,0,-0.014,-0.036,0,0,0,-0.024,0,-0.018,0,0,-0.02,0.004,0,0,-0.042,0.004,0,-0.044,0,0,0,0,0,"Transportation","gray"
"Air quality->Social cohesion","Sims_Mod_26",0,0.028,0,-0.106,0.022,0,0.028,-0.106,0,0,0,0.024,0,0.032,0,0,0.03,0.046,0,0.028,-0.084,0.044,0,-0.09,0,0,0,0.052,0,"Transportation","gray"
"Access to nature->Social cohesion","Sims_Mod_27",0,-0.042,-0.038,-0.034,-0.034,0,-0.032,-0.034,0,0,0,-0.038,0,-0.038,0,0,-0.036,0.01,0,-0.034,0.034,-0.034,0,0.026,0,0,0,-0.036,0,"Transportation","gray"
"Transportation->Noise","Sims_Mod_28",0,-0.00800000000000001,0.004,-0.01,0.024,0,0.02,-0.01,0,0,0,-0.00600000000000001,0,0.016,-1,0,0.016,0.414,0,-0.00800000000000001,0.00999999999999995,0.018,0,0.014,0,0,0,-0.04,0,"Transportation","gray"
"Water quality->Biodiversity","Sims_Mod_29",0,-0.07,-0.016,0.016,-0.106,0,-0.07,0.016,0,0,0,-0.072,0,-0.07,0,0,-0.072,0.012,0,-0.092,0.00999999999999995,-0.064,0,0.006,0,0,0,-0.062,0,"Transportation","gray"
"Noise-*Biodiversity","Sims_Mod_30",0,0.038,0.052,-0.04,0.05,0,0.032,-0.04,0,0,0,0.018,0,0.028,0,0,0.028,0.064,0,0.036,-0.03,0.032,0,-0.016,0,0,0,-0.03,0,"Transportation","gray"
"Salmon->Physical health","Sims_Mod_31",0,-0.022,0.04,-0.042,-0.02,0,-0.024,-0.042,0,0,0,-0.024,0,-0.028,0,0,-0.02,-0.002,0,-0.034,0.028,-0.00800000000000001,0,0.032,0,0,0,-0.016,0,"Transportation","gray"
"Climate mitigation->Salmon","Sims_Mod_32",0,0.00800000000000001,-0.04,-0.04,0,0,-0.00799999999999998,-0.04,0,0,0,0.00800000000000001,0,0.002,0,0,0,-0.02,0,0,-0.038,0.002,0,-0.01,0,0,0,0.014,0,"Transportation","gray"
"Climate mitigation-*Water temperature","Sims_Mod_33",0,-0.002,-0.016,-0.032,-0.00600000000000001,0,-0.022,-0.032,0,0,0,-0.018,0,-0.018,0,0,-0.018,0.004,0,-0.02,0,-0.034,0,0.018,0,0,0,-0.02,0,"Transportation","gray"
"Climate mitigation->Biodiversity","Sims_Mod_34",-0.001,-0.042,-0.032,-0.032,-0.044,-0.001,-0.064,-0.032,0,0,0,-0.06,0,-0.064,0,0,-0.06,0.00600000000000001,0,-0.05,-0.036,-0.066,0,-0.004,0,0,0,-0.038,0,"Transportation","gray"
"Access to nature->Physical health","Sims_Mod_35",0,-0.02,-0.052,-0.012,-0.024,0.001,-0.042,-0.012,0,0,0,-0.046,0,-0.038,0,0,-0.04,0,0,-0.052,0.032,-0.04,0,-0.006,0,0,0.001,-0.044,0,"Transportation","gray"
"Flooding-*Air quality","Sims_Mod_36",0,-0.06,-0.574,-0.006,-0.062,0,-0.066,-0.006,0,0,0,-0.058,0,-0.058,0,0,-0.062,0.024,0,-0.058,0.002,-0.06,0,0.022,0,0,0,-0.03,0,"Transportation","gray"
"Industrial->Noise","Sims_Mod_37",0,-0.048,-0.03,-0.048,-0.06,0,-0.044,-0.048,0,0,0,-0.052,0,-0.042,0,0,-0.042,0.046,0,-0.046,-0.018,-0.034,0,0.004,0,0,0,-0.064,0,"Transportation","gray"
"Transportation-*Air quality","Sims_Mod_38",0,0.032,0.466,-0.064,0.016,0,0.03,-0.064,0,0,0,0.018,0,0.032,0,0,0.026,0.038,0,0.018,-0.068,0.052,0,-0.03,0,0,0,0.032,0,"Transportation","gray"
"Economic wellbeing->Physical health","Sims_Mod_39",0,-0.044,-0.004,-0.01,-0.032,0,-0.056,-0.01,0,0,0,-0.042,0,-0.05,0,0,-0.052,-0.016,0,-0.042,0.022,-0.048,0,0.032,0,0,0,-0.036,0,"Transportation","gray"
"Affordability->Economic wellbeing","Sims_Mod_40",0,-0.032,-0.012,-0.028,-0.03,0,-0.036,-0.028,0,0,0,-0.03,0,-0.03,0,0,-0.04,0.05,0,-0.038,-0.016,-0.042,0,0.004,0,0,0,-0.02,0,"Transportation","gray"
"Access to nature-*Affordability","Sims_Mod_41",0,-0.022,-0.026,-0.016,-0.038,0,-0.024,-0.016,0,0,0,-0.03,0,-0.03,0,0,-0.022,0.0580000000000001,0,-0.038,-0.054,-0.012,0,-0.034,0,0,0,0.00399999999999998,0,"Transportation","gray"
"Local foods->Social cohesion","Sims_Mod_42",0,-0.004,0.002,-0.04,-0.012,0,-0.014,-0.04,0,0,0,-0.016,0,-0.004,0,0,-0.00600000000000001,0.034,0,-0.016,-0.00800000000000001,0.00600000000000001,0,-0.034,0,0,0,-0.018,0,"Transportation","gray"
"Salmon->Local foods","Sims_Mod_43",0,0,0.00600000000000001,-0.062,-0.02,0,-0.014,-0.062,0,0,0,-0.02,0,-0.012,0,0,-0.01,0.00800000000000001,0,-0.024,-0.01,-0.016,0,-0.024,0,0,0,0.00199999999999997,0,"Transportation","gray"
"Water quality->Local foods","Sims_Mod_44",0,-0.00600000000000001,-0.018,-0.018,-0.004,0,-0.014,-0.018,0,0,0,-0.026,0,-0.01,0,0,-0.004,-0.00599999999999995,0,-0.00600000000000001,-0.004,-0.00800000000000001,0,-0.014,0,0,0,0.014,0,"Transportation","gray"
"Toxics-*Water quality","Sims_Mod_45",0,0.00800000000000001,0.04,-0.022,0.004,0,-0.00199999999999997,-0.022,0,0,0,0.024,0,-0.002,0,0,0,0.018,0,0.012,0.044,-0.014,0,0.014,0,0,0,0.00599999999999998,0,"Transportation","gray"
"Local foods->Physical health","Sims_Mod_46",0,0.002,-0.01,0.006,-0.01,0,-0.00999999999999998,0.006,0,0,0,-0.014,0,-0.00800000000000001,0,0,-0.012,-0.00599999999999995,0,-0.018,0.002,0.012,0,0.006,0,0,0,0.00399999999999998,0,"Transportation","gray"
"Water quality->Social cohesion","Sims_Mod_47",0,-0.034,-0.022,-0.01,-0.034,0,-0.022,-0.01,0,0,0,-0.036,0,-0.032,0,0,-0.038,-0.012,0,-0.038,0.02,-0.046,0,-0.018,0,0,0,-0.022,0,"Transportation","gray"
"Local jobs->Economic wellbeing","Sims_Mod_48",0,-0.03,-0.014,0.02,-0.02,0,-0.044,0.02,0,0,0,-0.032,0,-0.036,0,0,-0.04,-0.00799999999999995,0,-0.026,0.056,-0.01,0,0.01,0,0,0,-0.012,0,"Transportation","gray"
"Walkability->Climate mitigation","Sims_Mod_49",0,-0.044,-0.03,-0.022,-0.046,0,-0.044,-0.022,0,0,0,-0.06,0,-0.04,0,0,-0.038,-0.014,0,-0.058,-0.00600000000000001,-0.032,0,0.018,0,0,0,-0.032,0,"Transportation","gray"
"Walkability->Affordability","Sims_Mod_50",0,-0.042,-0.056,-0.008,-0.05,0,-0.06,-0.008,0,0,0,-0.058,0,-0.058,0,0,-0.056,0.004,0,-0.048,-0.012,-0.06,0,0.018,0,0,0,-0.048,0,"Transportation","gray"
"Access to nature->Walkability","Sims_Mod_51",0,-0.028,0.004,-0.046,-0.034,0,-0.034,-0.046,0,0,0,-0.042,0,-0.034,0,0,-0.034,0.038,0,-0.03,0.00800000000000001,-0.02,0,0.03,0,0,0,-0.026,0,"Transportation","gray"
"Walkability->Social cohesion","Sims_Mod_52",0,-0.024,0.018,0.01,-0.032,0,-0.022,0.01,0,0,0,-0.034,0,-0.024,0,0,-0.026,0.012,0,-0.032,0.00999999999999995,-0.022,0,0.014,0,0,0,-0.024,0,"Transportation","gray"
"Walkability->Air quality","Sims_Mod_53",0,-0.016,0,-0.046,-0.024,0,-0.014,-0.046,0,0,0,-0.03,0,-0.01,0,0,-0.02,0.022,0,-0.032,-0.02,-0.022,0,0.038,0,0,0,0.00399999999999998,0,"Transportation","gray"
"Walkability-*Noise","Sims_Mod_54",0,-0.044,-0.02,-0.046,-0.03,0,-0.038,-0.046,0,0,0,-0.03,0,-0.04,0,0,-0.04,0.012,0,-0.038,-0.05,-0.03,0,0.018,0,0,0,-0.022,0,"Transportation","gray"
"Industrial->Water temperature","Sims_Mod_55",0,-0.002,0.018,-0.02,0.002,0,0,-0.02,0,0,0,-0.01,0,-0.002,0,0,0.002,0.014,0,-0.01,-0.00600000000000001,0,0,0.028,0,0,0,-0.012,0,"Transportation","gray"
"Toxics-*Biodiversity","Sims_Mod_56",0,-0.064,-0.028,-0.004,-0.096,0,-0.068,-0.004,0,0,0,-0.08,0,-0.072,0,0,-0.068,-0.018,0,-0.072,-0.012,-0.058,0,0.036,0,0,0,-0.062,0,"Transportation","gray"
"Noise-*Physical health","Sims_Mod_57",0,-0.004,0.034,-0.044,0.01,0,-0.00599999999999998,-0.044,0,0,0,-0.01,0,-0.00800000000000001,0,0,0,0.042,0,-0.00600000000000001,-0.016,0,0,0.012,0,0,0,0.03,0,"Transportation","gray"
"Access to nature->Mental health","Sims_Mod_58",0,-0.018,-0.002,0.004,-0.02,0,-0.02,0.004,0,0,0,-0.018,0,-0.016,0,0,-0.02,-0.00999999999999995,0,-0.018,0.028,-0.012,0,0.008,0,0,0,-0.02,0,"Transportation","gray"
"Local foods->Affordability","Sims_Mod_59",0,0.01,0.012,-0.026,0.012,0,0.012,-0.026,0,0,0,0.012,0,0.012,0,0,0.004,0.032,0,0.022,-0.022,0.02,0,-0.054,0,0,0,-0.002,0,"Transportation","gray"
"Water temperature-*Water quality","Sims_Mod_60",0,0.158,-0.004,-0.045,0.146,0,0.16,-0.046,0,0,0,0.17,0,0.164,0,0,0.156,0.028,0,0.18,-0.022,0.182,0,0.008,0,0,0,0.352,0,"Transportation","gray"
"Bacteria-*Water quality","Sims_Mod_61",0,-0.052,-0.00800000000000001,0.03,-0.068,0,-0.058,0.03,0,0,0,-0.07,0,-0.058,0,0,-0.054,-0.036,0,-0.068,0.038,-0.05,0,0.004,0,0,0,-0.078,0,"Transportation","gray"
"Bacteria-*Local foods","Sims_Mod_62",0,-0.016,-0.00600000000000001,-0.046,-0.024,0,-0.018,-0.046,0,0,0,-0.032,0,-0.024,0,0,-0.02,0.04,0,-0.022,-0.062,-0.03,0,0.022,0,0,0,-0.028,0,"Transportation","gray"
"Walkability->Physical health","Sims_Mod_63",0,-0.022,0.038,-0.046,-0.028,0,-0.00799999999999998,-0.046,0,0,0,-0.034,0,-0.024,0,0,-0.014,0.068,0,-0.028,-0.056,-0.01,0,0.002,0,0,0,-0.002,0,"Transportation","gray"
"Flooding-*Property value","Sims_Mod_64",0,-0.03,-0.00600000000000001,-0.04,-0.038,0,-0.038,-0.04,0,0,0,-0.044,0,-0.032,0,0,-0.036,0.146,0,-0.032,-0.004,-0.02,0,0.072,0,0,0,0.016,0,"Transportation","gray"
"Property value-*Affordability","Sims_Mod_65",0,0.036,0.012,-0.036,0.014,0,0.022,-0.036,0,0,0,0.014,0,0.02,0,0,0.022,0.002,0,0.02,-0.014,0.018,0,-0.006,0,0,0,0.016,0,"Transportation","gray"
"Noise-*Property value","Sims_Mod_66",0,0.002,-0.042,-0.016,0.01,-0.001,0.022,-0.016,0,0,0,-0.00800000000000001,0,0.00999999999999998,0,0,0.012,0.426,0,0.00399999999999998,0.00999999999999995,0.016,0,-0.008,0,0,0,0.014,0,"Transportation","gray"
"Access to nature->Property value","Sims_Mod_67",0,-0.02,0.01,-0.012,-0.032,0,-0.03,-0.012,0,0,0,-0.026,0,-0.024,0,0,-0.022,-0.026,0,-0.032,0.00800000000000001,-0.02,0,0.042,0,0,0,-0.026,0,"Transportation","gray"
"Industrial-*Property value","Sims_Mod_68",0,-0.014,-0.002,-0.032,-0.04,0,-0.02,-0.032,0,0,0,-0.042,0,-0.016,0,0,-0.026,-0.046,0,-0.036,-0.018,-0.01,0,0.018,0,0,0,-0.014,0,"Transportation","gray"
"Transportation->Property value","Sims_Mod_69",0,0,0.036,-0.072,0.00600000000000001,0,0.002,-0.072,0,0,0,-0.004,0,0,0,0,-0.00600000000000001,-0.27,0,-0.00600000000000001,-0.044,0.002,0,-0.04,0,0,0,0.012,0,"Transportation","gray"
"Walkability->Property value","Sims_Mod_70",0,-0.036,-0.036,0.046,-0.014,0,-0.038,0.046,0,0,0,-0.034,0,-0.034,0,0,-0.032,-0.046,0,-0.018,0.032,-0.026,0,-0.048,0,0,0,-0.01,0,"Transportation","gray"
"Property value->Economic wellbeing","Sims_Mod_71",0,-0.03,-0.014,-0.02,0.00600000000000001,0,-0.036,-0.02,0,0,0,-0.01,0,-0.022,0,0,-0.026,0,0,0.00599999999999998,-0.034,0.00600000000000001,0,-0.016,0,0,0,0,0,"Transportation","gray"
"Local jobs->Property value","Sims_Mod_72",0,0.026,0.066,-0.07,0.018,0,0.012,-0.07,0,0,0,0.012,0,0.00999999999999998,0,0,0.00999999999999998,-0.272,0,0.00999999999999998,-0.056,0.026,0,0.06,0,0,0,0.036,0,"Transportation","gray"
"Gray infrastructure-*Flooding","Sims_Mod_73",0,-0.398,-0.574,0.976,-0.38,0,-0.41,0.976,0,0,0,-0.414,0,-0.41,0,0,-0.414,-0.346,0,-0.41,0.42,-0.408,0,0.004,0,0,0,-0.408,0,"Transportation","gray"
"Gray infrastructure-*Sediment","Sims_Mod_74",0,-0.082,0.02,-0.056,-0.1,0,-0.086,-0.056,0,0,0,-0.106,0,-0.08,0,0,-0.082,-0.00799999999999995,0,-0.1,0.384,-0.086,0,-0.024,0,0,0,-0.116,0,"Transportation","gray"
"Gray infrastructure-*Toxics","Sims_Mod_75",0,-0.212,-0.016,-0.046,-0.206,0,-0.202,-0.046,0,0,0,-0.214,0,-0.208,0,0,-0.206,0.014,0,-0.234,-0.02,-0.174,0,1,0,0,0,-0.164,0,"Transportation","gray"
"Green infrastructure-*Toxics","Sims_Mod_76",0,-0.018,0.024,-0.024,-0.004,-0.001,-0.012,-0.024,0,0,0,-0.012,0,-0.016,0,0,-0.01,-0.002,0,-0.00600000000000001,-0.034,0.00800000000000001,0,-0.044,0,0,-0.001,-0.002,0,"Transportation","gray"
"Green infrastructure->Access to nature","Sims_Mod_77",0,-0.018,-0.004,-0.03,-0.016,-0.001,-0.022,-0.03,0,0,0,-0.024,0,-0.026,0,0,-0.026,0.042,0,-0.01,-0.004,-0.03,0,-0.014,0,0,-0.001,-0.036,0,"Transportation","gray"
"Green infrastructure->Climate mitigation","Sims_Mod_78",0,-0.024,0.00800000000000001,-0.026,-0.014,0,-0.022,-0.026,0,0,0,-0.02,0,-0.02,0,0,-0.02,-0.00999999999999995,0,-0.014,-0.024,-0.018,0,0.03,0,0,0,0.016,0,"Transportation","gray"
"Green infrastructure-*Noise","Sims_Mod_79",0,-0.028,-0.01,-0.046,-0.026,0,-0.024,-0.046,0,0,0,-0.028,0,-0.024,0,0,-0.026,0.036,0,-0.032,-0.036,-0.03,0,-0.006,0,0,0,-0.01,0,"Transportation","gray"
"Gray infrastructure->Local jobs","Sims_Mod_80",0,-0.012,0.012,-0.022,-0.00600000000000001,0,-0.04,-0.022,0,0,0,-0.012,-1,-0.032,0,0,-0.028,-0.26,0,-0.004,-0.022,-0.04,0,-0.004,0,0,0,0.022,0,"Transportation","gray"
"Green infrastructure->Local jobs","Sims_Mod_81",0,-0.018,-0.004,-0.068,-0.014,0,-0.02,-0.068,0,0,0,-0.022,0,-0.018,0,0,-0.02,-0.014,0,-0.02,-0.03,-0.016,0,0.034,0,0,0,-0.00800000000000001,0,"Transportation","gray"
"Source control-*Toxics","Sims_Mod_82",0,-0.012,-0.028,0.006,-0.014,0,-0.014,0.006,0,0,0,-0.016,0,-0.014,0,0,-0.012,0.00600000000000001,0,-0.022,0.00999999999999995,-0.004,0,-0.038,0,0,0,0.00399999999999998,0,"Transportation","gray"
"Green infrastructure-*Flooding","Sims_Mod_83",0,0.016,0.002,-0.038,0.004,0,0.016,-0.038,0,0,0,0,0,0.018,0,0,0.014,-0.022,0,0.00999999999999998,-0.022,0.01,0,0.008,0,0,0,0.034,0,"Transportation","gray"
"Green infrastructure->Air quality","Sims_Mod_84",0,-0.042,0.002,-0.026,-0.02,0,-0.044,-0.026,0,0,0,-0.034,0,-0.044,0,0,-0.046,0.02,0,-0.028,0.024,-0.026,0,-0.014,0,0,0,-0.048,0,"Transportation","gray"
"Green infrastructure-*Urban heat island","Sims_Mod_85",0,0.004,0.02,-0.02,-0.00600000000000001,0.001,0.004,-0.02,0,0,0,0.00800000000000001,0,0.00600000000000001,0,0,0.00600000000000001,0.102,0,0,-0.04,0.022,0,-0.036,0,0,0,0.016,0,"Transportation","gray"
"Toxics-*Salmon","Sims_Mod_86",0,-0.064,-0.034,-0.014,-0.082,0,-0.07,-0.014,0,0,0,-0.092,0,-0.07,0,0,-0.066,0.032,0,-0.094,-0.018,-0.068,0,0.012,0,0,0,-0.062,0,"Transportation","gray"
"Noise-*Mental health","Sims_Mod_87",0,-0.016,-0.028,0.002,-0.024,0,-0.016,0.002,0,0,0,-0.024,0,-0.016,0,0,-0.02,-0.00999999999999995,0,-0.022,-0.014,-0.02,0,-0.01,0,0,0,-0.012,0,"Transportation","gray"
"Urban heat island->Water temperature","Sims_Mod_88",0,0.046,-0.004,0,0.058,0,0.046,0,0,0,0,0.06,0,0.05,0,0,0.046,0.024,0,0.048,-0.00800000000000001,0.062,0,-0.042,0,0,0,0.134,0,"Transportation","gray"
"Economic wellbeing->Mental health","Sims_Mod_89",0,-0.052,-0.036,-0.026,-0.038,0,-0.052,-0.026,0,0,0,-0.042,0,-0.062,0,0,-0.054,0.012,0,-0.046,-0.036,-0.056,0,0.026,0,0,0,-0.02,0,"Transportation","gray"
"Biodiversity->Local foods","Sims_Mod_90",0,0.036,0.01,-0.062,-0.024,0,0.022,-0.062,0,0,0,0.032,0,0.022,0,0,0.018,0.066,0,-0.01,-0.046,0.022,0,-0.078,0,0,0,0.00399999999999998,0,"Transportation","gray"
"Local jobs->Social cohesion","Sims_Mod_91",0,-0.02,-0.028,-0.004,-0.002,0,-0.024,-0.004,0,0,0,-0.018,0,-0.026,0,0,-0.022,0.024,0,-0.00600000000000001,-0.024,-0.046,0,0,0,0,0,-0.012,0,"Transportation","gray"
"Access to nature->Local foods","Sims_Mod_92",0,-0.048,0.018,-0.054,-0.034,0,-0.04,-0.054,0,0,0,-0.03,0,-0.038,0,0,-0.038,0.048,0,-0.044,-0.028,-0.03,0,0.014,0,0,0,-0.02,0,"Transportation","gray"
"Local foods->Mental health","Sims_Mod_93",0,-0.004,0.004,-0.024,-0.02,0,-0.016,-0.024,0,0,0,-0.026,0,-0.012,0,0,-0.016,0.024,0,-0.024,-0.032,-0.018,0,0.022,0,0,0,-0.018,0,"Transportation","gray"
"Noise-*Social cohesion","Sims_Mod_94",0,0.028,0.00800000000000001,-0.042,0.018,0,0.012,-0.042,0,0,0,0.002,0,0.018,0,0,0.012,-0.002,0,0.00999999999999998,-0.052,0.034,0,-0.024,0,0,0,0.00599999999999998,0,"Transportation","gray"
"Industrial-*Air quality","Sims_Mod_95",0,-0.018,-0.032,0.058,-0.036,0.001,-0.028,0.058,0,0,0,-0.03,0,-0.032,0,0,-0.03,-0.016,0,-0.032,0.024,-0.026,0,-0.04,0,0,0.001,-0.046,0,"Transportation","gray"
"Industrial->Local jobs","Sims_Mod_96",0,0.002,0.03,-0.03,0.004,0,0.004,-0.03,0,0,0,-0.01,0,-0.002,0,0,0,-0.00799999999999995,0,-0.01,-0.00600000000000001,-0.01,0,-0.042,0,0,0,0.00399999999999998,0,"Transportation","gray"
"Climate mitigation-*Urban heat island","Sims_Mod_97",0,-0.046,-0.032,-0.05,-0.038,0,-0.058,-0.05,0,0,0,-0.046,0,-0.056,0,0,-0.056,-0.04,0,-0.048,0.014,-0.044,0,0.04,0,0,0,-0.014,0,"Transportation","gray"
"Industrial->Urban heat island","Sims_Mod_98",0,0.00800000000000001,0.036,-0.066,0.02,0,-0.00199999999999997,-0.066,0,0,0,0,0,-0.002,0,0,-0.00600000000000001,0.038,0,0.00799999999999998,-0.02,0.014,0,-0.062,0,0,0,0,0,"Transportation","gray"
"Transportation->Urban heat island","Sims_Mod_99",0,0.13,0.012,-0.042,0.136,0,0.12,-0.042,0,0,0,0.118,0,0.12,0,0,0.12,0.044,0,0.122,-0.00800000000000001,0.124,0,-0.024,0,-1,0,0.146,0,"Transportation","gray"
"Green infrastructure-*Sediment","Sims_Mod_100",0,-0.038,-0.002,-0.016,-0.024,0,-0.03,-0.016,0,0,0,-0.032,0,-0.026,0,0,-0.028,-0.032,0,-0.034,0.012,-0.016,0,0.042,0,0,0,-0.03,0,"Transportation","gray"
"Physical health->Mental health","Sims_Mod_101",0,-0.002,0.002,-0.038,-0.012,0,-0.014,-0.038,0,0,0,-0.03,0,-0.01,0,0,-0.00600000000000001,0.034,0,-0.028,-0.052,-0.00600000000000001,0,-0.004,0,0,0,0.00999999999999998,0,"Transportation","gray"
"Salmon->Biodiversity","Sims_Mod_102",0,-0.004,-0.00800000000000001,-0.04,-0.072,0,-0.00599999999999998,-0.04,0,0,0,-0.018,0,-0.00600000000000001,0,0,-0.00800000000000001,0.00800000000000001,0,-0.026,-0.04,0.004,0,0.036,0,0,0,0.018,0,"Transportation","gray"
"Physical health->Economic wellbeing","Sims_Mod_103",0,-0.042,-0.026,-0.006,-0.028,0,-0.032,-0.006,0,0,0,-0.046,0,-0.05,0,0,-0.05,0.022,0,-0.052,-0.01,-0.032,0,0.002,0,0,0,-0.028,0,"Transportation","gray"
"Economic wellbeing->Affordability","Sims_Mod_104",0,-0.034,-0.038,-0.042,-0.024,0,-0.03,-0.042,0,0,0,-0.028,0,-0.028,0,0,-0.032,-0.038,0,-0.036,-0.01,-0.016,0,0.018,0,0,0,0,0,"Transportation","gray"
"Mental health->Economic wellbeing","Sims_Mod_105",0,-0.03,0.014,-0.052,-0.014,0,-0.016,-0.052,0,0,0,-0.02,0,-0.018,0,0,-0.024,0.04,0,-0.022,-0.016,-0.002,0,0.012,0,0,0,0.022,0,"Transportation","gray"
"Full","Sims_Mod_full",0,0,0,0,0,0,0,0,0,0,0,0,0,0,0,0,0,0,0,0,0,0,0,0,0,0,0,0,0,"Transportation","gray"
"Residential->Toxics","Sims_Mod_1",0,-0.00800000000000001,-0.004,0.002,0.00600000000000001,0,-0.01,0.002,0,0,0,-0.00600000000000001,0,-0.004,0.01,0,-0.002,-0.002,0,0,-0.058,-0.012,0,-0.05,0,0.00800000000000001,0,0.024,-0.03,"Transportation","green"
"Industrial->Toxics","Sims_Mod_2",0,0.024,0.02,-0.035,0.032,0,0.032,-0.035,0,0,0,0.04,0,0.03,0.016,0,0.03,0.028,0,0.036,-0.056,0.03,0,-0.076,0,0.002,0,0.05,-0.048,"Transportation","green"
"Transportation->Toxics","Sims_Mod_3",0,0.156,0.044,-0.054,0.172,0,0.15,-0.054,0,0,0,0.178,0,0.152,-0.004,0,0.156,0.038,0,0.192,-0.068,0.138,0,-1.048,0,-0.042,0,0.17,-0.0639999999999999,"Transportation","green"
"Transportation->Water temperature","Sims_Mod_4",0,0.092,0.042,-0.056,0.078,0,0.098,-0.056,0,0,0,0.096,0,0.094,0.024,0,0.094,0.016,0,0.098,-0.092,0.092,0,-0.046,0,0.01,0,0.134,-0.268,"Transportation","green"
"Transportation->Flooding","Sims_Mod_5",0,0.268,0.356,-1.028,0.238,0,0.264,-1.028,0,0,0,0.268,0,0.26,0.00800000000000001,0,0.264,0.184,0,0.264,-0.638,0.256,0,-0.046,0,0.00600000000000001,0,0.32,-0.04,"Transportation","green"
"Residential->Nutrients","Sims_Mod_6",0,0.036,0.024,-0.014,0.034,0,0.036,-0.014,0,0,0,0.044,0,0.032,0.03,0,0.032,0.014,0,0.034,-0.072,0.038,0,-0.068,0,0.034,0,0.03,-0.014,"Transportation","green"
"Residential->Sediment","Sims_Mod_7",0,0.018,0.00800000000000001,0.005,0.00600000000000001,0,0.016,0.006,0,0,0,0.022,0,0.014,0.06,0,0.012,0.002,0,0.00800000000000001,-0.056,0.014,0,-0.014,0,0.038,0,0.00800000000000001,0.02,"Transportation","green"
"Residential->Bacteria","Sims_Mod_8",0,0.02,0.07,0.002,0.028,0,0.032,0.002,0,0,0,0.034,0,0.03,-0.00600000000000001,0,0.03,0.018,0,0.042,-0.068,0.04,0,-0.02,0,-0.02,0,0.032,-0.00600000000000001,"Transportation","green"
"Industrial->Sediment","Sims_Mod_9",0,0.042,0.08,-0.036,0.028,0,0.044,-0.036,0,0,0,0.048,0,0.044,-0.002,0,0.042,0.05,0,0.034,-0.094,0.042,0,-0.032,0,0.018,0,0.07,-0.024,"Transportation","green"
"Industrial->Flooding","Sims_Mod_10",0,0.028,0.032,-0.002,0.036,0,0.046,-0.002,0,0,0,0.032,0,0.034,-0.014,0,0.032,0.038,0,0.024,-0.082,0.028,0,-0.04,0,0.01,0,0.028,-0.024,"Transportation","green"
"Flooding->Bacteria","Sims_Mod_11",0,0.098,0.046,-0.028,0.078,0,0.1,-0.01,0,0,0,0.09,0,0.098,0.01,0,0.098,0.024,0,0.088,-0.068,0.084,0,-0.036,0,0,0,0.108,-0.0539999999999999,"Transportation","green"
"Flooding-*Salmon","Sims_Mod_12",0,0.054,0.054,0.034,0.028,0,0.04,0.034,0,0,0,0.038,0,0.038,-0.004,0,0.038,0.00600000000000001,0,0.048,-0.064,0.03,0,-0.048,0,-0.002,0,0.03,-0.03,"Transportation","green"
"Water quality->Salmon","Sims_Mod_13",0,0.082,0.066,-0.062,0.08,0,0.106,-0.062,0,0,0,0.096,0,0.096,-0.058,0,0.1,0.0580000000000001,0,0.098,-0.12,0.084,0,-0.082,0,-0.012,0,0.086,-0.0619999999999999,"Transportation","green"
"Air quality->Physical health","Sims_Mod_14",0,0.022,0.02,-0.034,0.032,0,0.02,-0.034,0,0,0,0.03,0,0.016,0.018,0,0.018,0.018,0,0.038,-0.03,0.024,0,0.012,0,0.03,0,0.05,-0.028,"Transportation","green"
"Urban heat island-*Physical health","Sims_Mod_15",0,0.026,0.058,-0.034,0.042,0,0.034,-0.034,0,0,0,0.04,0,0.032,0.018,0,0.028,0.012,0,0.038,-0.058,0.024,0,-0.07,0,-0.04,0,0.046,-0.07,"Transportation","green"
"Nutrients-*Water quality","Sims_Mod_16",0,0.014,0.03,-0.014,0.038,0,0.02,-0.014,0,0,0,0.036,0,0.032,0.012,0,0.032,-0.028,0,0.046,-0.064,0.014,0,-0.112,0,0.01,0,0.034,-0.038,"Transportation","green"
"Flooding->Sediment","Sims_Mod_17",0,0.058,-0.00600000000000001,-0.01,0.06,0,0.058,-0.01,0,0,0.001,0.064,0,0.054,-0.01,0,0.056,0.018,0,0.066,-0.638,0.05,0,-0.026,0,-0.02,0,0.11,-0.018,"Transportation","green"
"Sediment-*Water quality","Sims_Mod_18",0,0.022,0.004,-0.022,0.024,0,0.024,-0.022,0,0,0,0.022,0,0.022,-0.032,0,0.026,0.024,0,0.038,-0.06,0.02,0,-0.066,0,-0.018,0,0.00600000000000001,-0.0579999999999999,"Transportation","green"
"Mental health->Physical health","Sims_Mod_19",0,0.048,0.028,-0.004,0.034,0,0.054,-0.004,0,0,0,0.044,0,0.038,0.014,0,0.044,-0.02,0,0.054,-0.026,0.028,0,-0.032,0,0.004,0,0.042,-0.038,"Transportation","green"
"Water quality->Physical health","Sims_Mod_20",0,0.07,0.03,-0.05,0.052,0,0.062,-0.05,0,0,0,0.058,0,0.056,-0.00800000000000001,0,0.058,0.018,0,0.07,-0.09,0.038,0,-0.042,0,-0.00800000000000001,0,0.05,-0.0619999999999999,"Transportation","green"
"Social cohesion->Mental health","Sims_Mod_21",0,0.036,0.044,-0.002,0.03,0,0.036,-0.002,0,0,0,0.038,0,0.036,-0.00600000000000001,0,0.036,0.03,0,0.044,-0.076,0.034,0,-0.056,0,0.01,0,0.058,-0.02,"Transportation","green"
"Toxics-*Physical health","Sims_Mod_22",0,0.028,0.04,-0.002,0.014,0,0.028,-0.002,0,0,0,0.00600000000000001,0,0.026,0.022,0,0.028,0,0,0.012,-0.066,0.022,0,-0.134,0,0.046,0,0.00800000000000001,-0.016,"Transportation","green"
"Biodiversity->Salmon","Sims_Mod_23",0,0.048,0.048,-0.056,0.05,0,0.058,-0.056,0,0,0,0.058,0,0.058,-0.024,0,0.058,0.024,0,0.042,-0.08,0.046,0,-0.024,0,-0.052,0,0.084,-0.0679999999999999,"Transportation","green"
"Urban heat island-*Biodiversity","Sims_Mod_24",0,0.062,0.08,-0.088,0.058,0,0.058,-0.088,0,0,0,0.07,0,0.054,-0.038,0,0.054,0.03,0,0.07,-0.102,0.064,0,-0.108,0,-0.038,0,0.102,-0.0619999999999999,"Transportation","green"
"Bacteria-*Physical health","Sims_Mod_25",0,0.08,0.054,-0.062,0.08,0,0.076,-0.062,0,0,0,0.092,0,0.086,0.032,0,0.08,0.01,0,0.096,-0.094,0.082,0,-0.03,0,0.004,0,0.102,-0.082,"Transportation","green"
"Air quality->Social cohesion","Sims_Mod_26",0,0.084,0.034,-0.086,0.068,0,0.086,-0.086,0,0,0,0.082,0,0.082,-0.00800000000000001,0,0.082,0.046,0,0.078,-0.102,0.084,0,-0.09,0,0.00800000000000001,0,0.088,-0.04,"Transportation","green"
"Access to nature->Social cohesion","Sims_Mod_27",0,0.036,-0.028,0.002,0.036,0,0.046,0.002,0,0,0,0.048,0,0.04,0.022,0,0.042,0.012,0,0.058,-0.044,0.024,0,0.024,0,-0.01,0,0.056,-0.038,"Transportation","green"
"Transportation->Noise","Sims_Mod_28",0,0.082,0.054,-0.072,0.102,0,0.1,-0.072,0,0,0,0.082,0,0.1,-0.554,0,0.102,0.142,0,0.082,-0.066,0.1,0,-0.068,0,-0.01,0,0.056,-0.018,"Transportation","green"
"Water quality->Biodiversity","Sims_Mod_29",0,0.036,0.018,-0.014,0.068,0,0.05,-0.014,0,0,0,0.054,0,0.042,-0.016,0,0.046,0.012,0,0.058,-0.032,0.044,0,-0.09,0,0.004,0,0.056,-0.034,"Transportation","green"
"Noise-*Biodiversity","Sims_Mod_30",0,0.028,0.07,-0.019,0.018,0,0.04,-0.018,0,0,0,0.03,0,0.036,-0.014,0,0.04,0.004,0,0.028,-0.064,0.032,0,-0.052,0,0.00800000000000001,0,0.034,0.004,"Transportation","green"
"Salmon->Physical health","Sims_Mod_31",0,0.044,0.02,-0.01,0.03,0,0.042,-0.01,0,0,0,0.038,0,0.04,0.04,0,0.036,0.02,0,0.038,-0.048,0.018,0,-0.014,0,0.018,0,0.054,0.002,"Transportation","green"
"Climate mitigation->Salmon","Sims_Mod_32",0,0.044,0.03,-0.012,0.044,0,0.042,-0.012,0,0,0,0.046,0,0.034,0.036,0,0.036,-0.002,0,0.028,-0.05,0.026,0,-0.068,0,0.018,0,0.05,-0.038,"Transportation","green"
"Climate mitigation-*Water temperature","Sims_Mod_33",0,0.028,0.092,-0.066,0.034,0,0.03,-0.066,0,0,0,0.032,0,0.026,-0.04,0,0.032,0.028,0,0.042,-0.112,0.016,0,-0.096,0,-0.018,0,-0.02,0.224,"Transportation","green"
"Climate mitigation->Biodiversity","Sims_Mod_34",0,-0.00600000000000001,0.028,-0.014,-0.022,0,-0.00800000000000001,-0.014,0,0,0,-0.02,0,-0.016,0.018,0,-0.014,0.00800000000000001,0,-0.012,-0.072,-0.024,0,-0.082,0,0.014,0,0.028,0,"Transportation","green"
"Access to nature->Physical health","Sims_Mod_35",0,0.002,0.024,-0.012,0.01,0,0.002,-0.012,0,0,0,0.002,0,0,0.028,0,-0.002,-0.01,0,0.018,-0.03,0,0,-0.026,0,0.046,0,0.024,-0.012,"Transportation","green"
"Flooding-*Air quality","Sims_Mod_36",0,-0.002,0.128,-0.008,0.022,0,-0.002,-0.008,0,0,0,0.018,0,-0.002,0,0,0.002,-0.012,0,0.022,-0.056,0.01,0,-0.028,0,0.018,0,0.028,0.004,"Transportation","green"
"Industrial->Noise","Sims_Mod_37",0,0.08,0.09,-0.04,0.072,0,0.084,-0.04,0,0,0,0.082,0,0.078,0.012,0,0.08,0.02,0,0.09,-0.096,0.058,0,-0.072,0,0.012,0,0.064,-0.044,"Transportation","green"
"Transportation-*Air quality","Sims_Mod_38",0,0.084,0.354,-0.054,0.08,0,0.094,-0.054,0,0,0,0.084,0,0.096,-0.014,0,0.094,0.016,0,0.084,-0.036,0.078,0,-0.032,0,-0.054,0,0.092,-0.078,"Transportation","green"
"Economic wellbeing->Physical health","Sims_Mod_39",0,0.014,0.046,-0.03,0.032,0,0.022,-0.03,0,0,0,0.018,0,0.024,0.00800000000000001,0,0.026,-0.00800000000000001,0,0.034,-0.078,0.014,0,-0.044,0,-0.024,0,0.038,-0.038,"Transportation","green"
"Affordability->Economic wellbeing","Sims_Mod_40",0,0.05,0.036,-0.026,0.028,0,0.046,-0.026,0,0,0,0.038,0,0.04,0.014,0,0.04,0.01,0,0.048,-0.09,0.028,0,-0.064,0,-0.042,0,0.042,-0.0579999999999999,"Transportation","green"
"Access to nature-*Affordability","Sims_Mod_41",0,0.004,0.00600000000000001,0.016,0.014,0,0.018,0.016,0,0,0,0.016,0,0.012,0.06,0,0.012,0.018,0,0.016,-0.084,0.00600000000000001,0,-0.044,0,0.012,0,0.01,-0.012,"Transportation","green"
"Local foods->Social cohesion","Sims_Mod_42",0,0.068,0.056,-0.062,0.058,0,0.062,-0.062,0,0,0,0.064,0,0.058,0.004,0,0.062,0.014,0,0.064,-0.09,0.084,0,-0.074,0,-0.01,0,0.076,-0.034,"Transportation","green"
"Salmon->Local foods","Sims_Mod_43",0,0.064,0.078,-0.064,0.064,0,0.076,-0.064,0,0,0,0.072,0,0.078,-0.018,0,0.072,0.044,0,0.074,-0.066,0.06,0,-0.084,0,-0.028,0,0.066,-0.04,"Transportation","green"
"Water quality->Local foods","Sims_Mod_44",0,0.076,0.06,-0.082,0.076,0,0.088,-0.082,0,0,0,0.086,0,0.084,-0.026,0,0.082,0.034,0,0.078,-0.084,0.078,0,-0.108,0,-0.032,-0.001,0.092,-0.0679999999999999,"Transportation","green"
"Toxics-*Water quality","Sims_Mod_45",0,0.07,0.022,-0.026,0.068,0,0.072,-0.026,0,0,0,0.072,0,0.076,0.028,0,0.076,0.032,0,0.078,-0.092,0.056,0,-0.062,0,0.014,0,0.11,-0.028,"Transportation","green"
"Local foods->Physical health","Sims_Mod_46",0,-0.00600000000000001,0.014,-0.016,-0.012,0,0,-0.016,0,0,0,-0.00600000000000001,0,-0.00600000000000001,0.038,0,-0.004,-0.004,0,-0.00600000000000001,-0.068,-0.00800000000000001,0,0.014,0,0.018,0,0.002,-0.016,"Transportation","green"
"Water quality->Social cohesion","Sims_Mod_47",0,0.068,0.054,-0.046,0.068,0,0.07,-0.046,0,0,0,0.062,0,0.064,0.022,0,0.06,0.022,0,0.074,-0.074,0.066,0,-0.044,0,-0.028,0,0.08,-0.016,"Transportation","green"
"Local jobs->Economic wellbeing","Sims_Mod_48",0,0.038,0.074,-0.042,0.028,0,0.032,-0.042,0.001,0,0,0.046,0,0.038,0.004,0,0.038,0,0,0.042,-0.06,0.028,0,-0.044,0,-0.01,0,0.046,-0.048,"Transportation","green"
"Walkability->Climate mitigation","Sims_Mod_49",0,-0.12,0.028,-0.042,-0.13,0,-0.106,-0.042,0,0,0,-0.122,0,-0.108,0.004,0,-0.112,-0.04,0,-0.128,-0.05,-0.11,0,-0.03,0,0.222,0,-0.116,0.258,"Transportation","green"
"Walkability->Affordability","Sims_Mod_50",0,0.05,0.03,-0.024,0.056,0,0.06,-0.024,0,0,0,0.06,0,0.058,-0.026,0,0.058,0.00800000000000001,0,0.07,-0.07,0.046,0,-0.058,0,-0.02,0,0.06,-0.0639999999999999,"Transportation","green"
"Access to nature->Walkability","Sims_Mod_51",0,-0.112,-0.236,-0.118,-0.134,0,-0.104,-0.118,0,0,0,-0.1,0,-0.104,0.388,0,-0.102,-0.076,0,-0.102,-0.108,-0.114,0,-0.062,0,0.148,-1,-0.066,0.178,"Transportation","green"
"Walkability->Social cohesion","Sims_Mod_52",0,0.022,0.024,0.032,0.018,0,0.024,0.032,0,0,0,0.024,0,0.024,0.00600000000000001,0,0.022,0.022,0,0.034,-0.046,0.012,0,0.014,0,0.012,0,0.018,-0.032,"Transportation","green"
"Walkability->Air quality","Sims_Mod_53",0,0.082,-0.296,-0.04,0.068,0,0.078,-0.04,0,0,0,0.076,0,0.076,-0.072,0,0.076,0.038,0,0.074,-0.062,0.06,0,-0.032,0,-0.028,0,0.088,-0.044,"Transportation","green"
"Walkability-*Noise","Sims_Mod_54",0,0.046,0.046,-0.078,0.028,0,0.042,-0.078,0,0,0,0.048,0,0.036,0.43,0,0.038,-0.026,0,0.052,-0.094,0.022,0,-0.032,0,-0.014,0,0.088,-0.05,"Transportation","green"
"Industrial->Water temperature","Sims_Mod_55",0,-0.024,0.01,-0.008,-0.024,0,-0.016,-0.008,0,0,0,-0.022,0,-0.02,0.02,0,-0.024,-0.0459999999999999,0,-0.022,-0.026,-0.036,0,-0.064,0,0.024,0,-0.00600000000000001,0.004,"Transportation","green"
"Toxics-*Biodiversity","Sims_Mod_56",0,0.05,0.012,-0.022,0.056,0,0.05,-0.022,0,0,0,0.052,0,0.054,0.028,0,0.054,0.016,0,0.048,-0.066,0.038,0,-0.046,0,0.02,0,0.038,-0.014,"Transportation","green"
"Noise-*Physical health","Sims_Mod_57",0,0.066,0.086,-0.056,0.082,0,0.08,-0.056,0,0,0,0.076,0,0.074,-0.012,0,0.084,0.032,0,0.08,-0.096,0.064,0,-0.01,0,-0.012,0,0.074,-0.036,"Transportation","green"
"Access to nature->Mental health","Sims_Mod_58",0,-0.004,0.00600000000000001,0,0.002,0,0.00800000000000001,0,0,0,-0.001,0.00600000000000001,0,0.00600000000000001,0.018,0,0.00800000000000001,-0.028,0,0.004,-0.06,-0.01,0,-0.024,0,0.002,0,0.01,-0.016,"Transportation","green"
"Local foods->Affordability","Sims_Mod_59",0,-0.032,0.048,-0.054,0.052,0,0.038,-0.054,0,0,0,0.06,0,0.042,-0.078,0,0.04,0.038,0,0.056,-0.096,0.04,0,-0.068,0,-0.012,0,0.05,-0.038,"Transportation","green"
"Water temperature-*Water quality","Sims_Mod_60",0,0.00800000000000001,0.072,-0.058,0.032,0,0.048,-0.058,0,0,0,0.02,0,0.04,-0.012,0,0.04,0.054,0,0.026,-0.124,0.024,0,-0.086,0,-0.016,0,-0.128,-0.038,"Transportation","green"
"Bacteria-*Water quality","Sims_Mod_61",0,0.082,0.064,-0.064,0.098,0,0.096,-0.064,0,0,0,0.096,0,0.092,0.014,0,0.088,0.022,0,0.102,-0.116,0.082,0,-0.012,0,-0.03,0,0.12,-0.0639999999999999,"Transportation","green"
"Bacteria-*Local foods","Sims_Mod_62",0,0.03,0.058,-0.04,0.024,0,0.04,-0.04,0,0,0,0.042,0,0.038,0.01,0,0.042,0.018,0,0.042,-0.078,0.036,0,-0.1,0,0.00600000000000001,0,0.044,-0.034,"Transportation","green"
"Walkability->Physical health","Sims_Mod_63",0,0.056,0.044,-0.048,0.06,0,0.072,-0.048,0,0,0,0.064,0,0.068,-0.02,0,0.062,0.036,0,0.07,-0.076,0.048,0,-0.104,0,-0.032,0,0.094,-0.03,"Transportation","green"
"Flooding-*Property value","Sims_Mod_64",0,0.094,0.084,-0.044,0.07,0,0.088,-0.044,0,0,0,0.09,0,0.088,-0.034,0,0.088,0.14,0,0.092,-0.108,0.08,0,-0.018,0,-0.0600000000000001,0,0.08,-0.052,"Transportation","green"
"Property value-*Affordability","Sims_Mod_65",0,0.112,0.084,-0.086,0.08,0,0.088,-0.086,0,0,0,0.086,0,0.078,-0.054,0,0.084,0.022,0,0.096,-0.108,0.068,0,-0.108,0,-0.078,0,0.102,-0.102,"Transportation","green"
"Noise-*Property value","Sims_Mod_66",0,0.088,0.07,-0.046,0.062,0,0.086,-0.046,0,0,0,0.06,0,0.08,0.014,0,0.078,0.106,0,0.056,-0.08,0.064,0,-0.06,0,-0.022,0,0.062,-0.044,"Transportation","green"
"Access to nature->Property value","Sims_Mod_67",0,0.01,0.022,-0.026,0.01,0,-0.002,-0.026,0,0,0,0.004,0,-0.004,0.036,0,-0.004,-0.036,0,0.012,-0.052,-0.02,0,-0.042,0,0.002,0,0.042,-0.032,"Transportation","green"
"Industrial-*Property value","Sims_Mod_68",0,0.028,0.012,-0.016,0.032,0,0.028,-0.016,0,0,0,0.024,0,0.03,0.084,0,0.024,-0.016,0,0.024,-0.038,0.016,0,-0.016,0,0.012,0,0.018,-0.024,"Transportation","green"
"Transportation->Property value","Sims_Mod_69",0,0.064,0.052,-0.063,0.062,0,0.056,-0.062,0,0,0,0.072,0,0.058,0.00600000000000001,0,0.056,-0.07,0,0.066,-0.092,0.052,0,-0.068,0,-0.018,0,0.094,-0.0559999999999999,"Transportation","green"
"Walkability->Property value","Sims_Mod_70",0,0.094,0.064,-0.102,0.082,0,0.09,-0.102,0,0,0,0.086,0,0.092,-0.016,0,0.094,-0.038,0,0.074,-0.06,0.078,0,-0.056,0,-0.002,0,0.092,-0.0579999999999999,"Transportation","green"
"Property value->Economic wellbeing","Sims_Mod_71",0,0.00600000000000001,0.002,-0.02,0.016,0,0.01,-0.02,0,0,0,0.022,0,0.014,0,0,0.016,0.00800000000000001,0,0.028,-0.052,0.00800000000000001,0,-0.074,0,-0.03,0,0.042,-0.034,"Transportation","green"
"Local jobs->Property value","Sims_Mod_72",0,0.046,0,-0.016,0.034,0,0.036,-0.016,0,0,0,0.034,0,0.036,0.01,0,0.034,-0.072,0,0.048,-0.03,0.018,0,-0.02,0,-0.00600000000000001,0,0.05,-0.026,"Transportation","green"
"Gray infrastructure-*Flooding","Sims_Mod_73",0,0.064,0.076,-0.048,0.046,0,0.05,-0.048,0,0,0,0.052,0,0.052,0.00800000000000001,0,0.05,0.02,0,0.058,-0.086,0.048,0,-0.048,0,0.01,0,0.056,-0.05,"Transportation","green"
"Gray infrastructure-*Sediment","Sims_Mod_74",0,-0.028,-0.00600000000000001,-0.02,-0.03,0,-0.022,-0.02,0,0,0,-0.032,0,-0.028,0.01,0,-0.026,0.012,0,-0.02,-0.024,-0.038,0,-0.086,0,0.0579999999999999,0,-0.012,0.024,"Transportation","green"
"Gray infrastructure-*Toxics","Sims_Mod_75",0,0.00800000000000001,0.016,-0.03,-0.002,0,0.00800000000000001,-0.03,0,0,0,0.01,0,0,0.046,0,0,0,0,0,-0.044,-0.004,0,-0.018,0,0.014,0,0.002,-0.012,"Transportation","green"
"Green infrastructure-*Toxics","Sims_Mod_76",0,-0.02,0.034,-0.024,-0.024,0,-0.012,-0.024,0,0,0,-0.012,0,-0.012,0.022,0,-0.012,-0.004,0,-0.026,-0.082,-0.016,0,0.952,0,0.01,0,-0.002,-0.076,"Transportation","green"
"Green infrastructure->Access to nature","Sims_Mod_77",-1,-0.148,-0.284,-0.054,-0.168,0,-0.158,-0.054,0,0,0,-0.156,0,-0.162,0.412,0,-0.158,-0.172,0,-0.15,-0.116,-0.184,0,-0.058,0,0.154,-0.999,-0.114,0.246,"Transportation","green"
"Green infrastructure->Climate mitigation","Sims_Mod_78",0,-0.082,0.04,-0.038,-0.088,0,-0.07,-0.038,0,0,0,-0.084,0,-0.07,-0.042,0,-0.076,0.024,0,-0.096,-0.064,-0.084,0,-0.08,0,0.17,0,-0.062,0.228,"Transportation","green"
"Green infrastructure-*Noise","Sims_Mod_79",0,-0.00999999999999995,0.002,-0.02,-0.022,0,-0.01,-0.02,0,0,0,-0.01,0,-0.00800000000000001,0.412,0,-0.01,-0.0479999999999999,0,0.004,-0.068,-0.012,0,-0.036,0,-0.00800000000000001,0,0.02,-0.01,"Transportation","green"
"Gray infrastructure->Local jobs","Sims_Mod_80",0,0.044,0.048,-0.072,0.044,0,0.048,-0.072,0,0,0,0.04,0,0.04,0.01,0,0.044,0.016,0,0.042,-0.036,0.044,0,-0.028,0,-0.00800000000000001,0,0.058,-0.04,"Transportation","green"
"Green infrastructure->Local jobs","Sims_Mod_81",0,0.07,0.038,-0.072,0.058,0,0.064,-0.072,0,0,0,0.066,-1,0.062,-0.00600000000000001,0,0.066,-0.022,0,0.066,-0.068,0.056,0,-0.086,0,-0.052,0,0.098,-0.08,"Transportation","green"
"Source control-*Toxics","Sims_Mod_82",0,0.046,0.028,-0.004,0.034,0,0.046,-0.004,0,0,0,0.04,0,0.038,0.00600000000000001,0,0.044,0.036,0,0.05,-0.048,0.028,0,-0.058,0,0.002,0,0.034,-0.0559999999999999,"Transportation","green"
"Green infrastructure-*Flooding","Sims_Mod_83",0,-0.056,-0.222,0.972,-0.054,0,-0.068,0.972,0,0,0,-0.072,0,-0.07,0.00600000000000001,0,-0.068,-0.082,0,-0.076,0.342,-0.082,0,-0.106,0,-0.028,0,-0.096,-0.0619999999999999,"Transportation","green"
"Green infrastructure->Air quality","Sims_Mod_84",0,0.048,-0.16,-0.036,0.05,0,0.052,-0.036,0,0,0,0.05,0,0.05,-0.034,0,0.052,0.038,0,0.056,-0.076,0.038,0,-0.034,0,-0.048,0,0.042,-0.046,"Transportation","green"
"Green infrastructure-*Urban heat island","Sims_Mod_85",0,0.00800000000000001,0.036,-0.008,0.02,0,0.018,-0.008,0,0,0,0.016,0,0.01,-0.018,0,0.01,0.056,0,0.03,-0.084,0.00800000000000001,0,-0.092,0,0.212,0,0.012,0.092,"Transportation","green"
"Toxics-*Salmon","Sims_Mod_86",0,0.02,-0.00600000000000001,-0.036,0.022,0,0.03,-0.036,0,0,0,0.03,0,0.028,0.018,0,0.024,0.014,0,0.028,-0.072,0.012,0,-0.048,0,-0.028,0,0.03,0.00600000000000001,"Transportation","green"
"Noise-*Mental health","Sims_Mod_87",0,0.062,0.034,-0.048,0.058,0,0.07,-0.048,0,0,0,0.074,0,0.068,-0.016,0,0.066,0.02,0,0.074,-0.078,0.056,0,-0.094,0,-0.03,0,0.074,-0.038,"Transportation","green"
"Urban heat island->Water temperature","Sims_Mod_88",0,0.00600000000000001,0.01,0.01,0.012,0,0.012,0.01,0,0,0,0.014,0,0.014,0.004,0,0.01,0.012,0,0.024,-0.036,0.014,0,-0.03,0,-0.018,0,-0.076,0.174,"Transportation","green"
"Economic wellbeing->Mental health","Sims_Mod_89",0,0.08,0.036,-0.064,0.07,0,0.078,-0.064,0,0,0,0.078,0,0.072,-0.00800000000000001,0,0.072,0.04,0,0.084,-0.098,0.072,0,-0.034,0,0.00600000000000001,0,0.094,-0.038,"Transportation","green"
"Biodiversity->Local foods","Sims_Mod_90",0,0.074,0.054,-0.058,0.062,0,0.07,-0.058,0,0,0,0.07,0,0.072,-0.01,0,0.062,0.032,0,0.076,-0.092,0.048,0,-0.096,0,-0.02,0,0.092,-0.032,"Transportation","green"
"Local jobs->Social cohesion","Sims_Mod_91",0,0.044,0.062,-0.012,0.054,0,0.042,-0.012,0,0,0,0.04,0,0.042,-0.002,0,0.04,0.00800000000000001,0,0.056,-0.06,0.028,0,-0.068,0,-0.042,0,0.036,-0.078,"Transportation","green"
"Access to nature->Local foods","Sims_Mod_92",0,0.034,0.064,-0.054,0.04,0,0.05,-0.054,0,0,0,0.05,0,0.048,-0.014,0,0.044,0.016,0,0.058,-0.068,0.048,0,-0.02,0,-0.014,0,0.074,-0.0639999999999999,"Transportation","green"
"Local foods->Mental health","Sims_Mod_93",0,-0.00999999999999995,0.018,0.01,0,0,-0.004,0.01,0,0,0,-0.004,0,-0.00800000000000001,0.042,0,-0.012,0.026,0,0.002,-0.076,-0.022,0,0.014,0,0.026,0,0.004,-0.002,"Transportation","green"
"Noise-*Social cohesion","Sims_Mod_94",0,0.054,0.064,0.008,0.062,0,0.048,0.008,0,0,0,0.06,0,0.044,0.00600000000000001,0,0.052,0,0,0.062,-0.064,0.046,0,-0.06,0,-0.018,0,0.082,-0.046,"Transportation","green"
"Industrial-*Air quality","Sims_Mod_95",0,0.026,0.034,0,0.026,0,0.032,0,0,0,0,0.032,0,0.032,0.018,0,0.026,-0.00800000000000001,0,0.03,-0.022,0.024,0,-0.094,0,0.02,0,0.022,-0.024,"Transportation","green"
"Industrial->Local jobs","Sims_Mod_96",0,0.04,0.044,-0.036,0.036,0,0.054,-0.036,0,0,0,0.05,0,0.044,0.03,0,0.044,0.016,0,0.066,-0.086,0.03,0,-0.068,0,0.00600000000000001,0,0.058,-0.05,"Transportation","green"
"Climate mitigation-*Urban heat island","Sims_Mod_97",0,-0.068,0.042,-0.028,-0.056,0,-0.05,-0.028,0,0,0,-0.056,0,-0.056,0.004,0,-0.056,0.02,0,-0.054,-0.072,-0.05,0,-0.052,0,0.56,0,-0.098,0.186,"Transportation","green"
"Industrial->Urban heat island","Sims_Mod_98",0,0.054,0.078,-0.088,0.084,0,0.07,-0.088,0,0,0,0.084,0,0.074,0.00800000000000001,0,0.08,0.02,0,0.088,-0.066,0.074,0,-0.078,0,0,0,0.084,-0.052,"Transportation","green"
"Transportation->Urban heat island","Sims_Mod_99",0,0.162,0.074,-0.04,0.17,0,0.162,-0.04,0,0,0,0.168,0,0.164,-0.032,0,0.166,0.032,0,0.158,-0.062,0.148,0,-0.098,0,-0.384,0,0.19,-0.246,"Transportation","green"
"Green infrastructure-*Sediment","Sims_Mod_100",0,-0.046,-0.00999999999999995,0.032,-0.032,0,-0.03,0.032,0,0,0,-0.034,0,-0.034,0.048,0,-0.03,-0.014,0,-0.032,0.422,-0.042,0,-0.036,0,-0.002,0,-0.09,-0.00600000000000001,"Transportation","green"
"Physical health->Mental health","Sims_Mod_101",0,0.052,0.074,-0.024,0.054,0,0.066,-0.024,0,0,0,0.06,0,0.066,-0.00600000000000001,0,0.06,0.0600000000000001,0,0.068,-0.112,0.052,0,-0.092,0,-0.024,0,0.062,-0.076,"Transportation","green"
"Salmon->Biodiversity","Sims_Mod_102",0,0.02,0.026,0.018,0.044,0,0.022,0.018,0,0,0,0.038,0,0.02,0.018,0,0.024,0.032,0,0.046,-0.06,0.016,0,-0.044,0,0.028,0,0.04,-0.004,"Transportation","green"
"Physical health->Economic wellbeing","Sims_Mod_103",0,0.01,0.016,-0.022,0.034,0,0.022,-0.022,0,0,0,0.036,0,0.018,0.012,0,0.02,-0.004,0,0.032,-0.054,0.024,0,-0.012,0,0.02,0,0.04,-0.004,"Transportation","green"
"Economic wellbeing->Affordability","Sims_Mod_104",0,-0.02,0.08,-0.074,0.056,0,0.072,-0.074,0,0,0,0.078,0,0.064,0.012,0,0.066,-0.01,0,0.07,-0.068,0.064,0,-0.088,0,-0.036,0,0.068,-0.072,"Transportation","green"
"Mental health->Economic wellbeing","Sims_Mod_105",0,0.004,-0.002,0.041,0.022,0,0.026,0.042,0,0,0,0.022,0,0.024,0.002,0,0.024,0.00600000000000001,0,0.024,-0.026,0.032,0,-0.036,0,0.02,0,0.032,-0.038,"Transportation","green"
"Full","Sims_Mod_full",0,0,0,0,0,0,0,0,0,0,0,0,0,0,0,0,0,0,0,0,0,0,0,0,0,0,0,0,0,"Transportation","green"
